variable,period_label,month_num,month_name,value
cloud-cover_monthly-mean,1960-1979,1,Jan,0.5124971489895693
cloud-cover_monthly-mean,1960-1979,2,Feb,0.5295067139041518
cloud-cover_monthly-mean,1960-1979,3,Mar,0.5752977379335512
cloud-cover_monthly-mean,1960-1979,4,Apr,0.5557909219262931
cloud-cover_monthly-mean,1960-1979,5,May,0.5006985178528972
cloud-cover_monthly-mean,1960-1979,6,Jun,0.4476238791044795
cloud-cover_monthly-mean,1960-1979,7,Jul,0.5015588942727933
cloud-cover_monthly-mean,1960-1979,8,Aug,0.5436991457371493
cloud-cover_monthly-mean,1960-1979,9,Sep,0.5413017492465287
cloud-cover_monthly-mean,1960-1979,10,Oct,0.5407601554153093
cloud-cover_monthly-mean,1960-1979,11,Nov,0.5373490768363935
cloud-cover_monthly-mean,1960-1979,12,Dec,0.5106801897683086
cloud-cover_monthly-mean,1980-1999,1,Jan,0.5109264817024302
cloud-cover_monthly-mean,1980-1999,2,Feb,0.5190089058566909
cloud-cover_monthly-mean,1980-1999,3,Mar,0.5736920155226092
cloud-cover_monthly-mean,1980-1999,4,Apr,0.5456825330726958
cloud-cover_monthly-mean,1980-1999,5,May,0.499899314145147
cloud-cover_monthly-mean,1980-1999,6,Jun,0.4487310380277368
cloud-cover_monthly-mean,1980-1999,7,Jul,0.5081130388000507
cloud-cover_monthly-mean,1980-1999,8,Aug,0.5425870881884248
cloud-cover_monthly-mean,1980-1999,9,Sep,0.5399033360643953
cloud-cover_monthly-mean,1980-1999,10,Oct,0.5461535603816369
cloud-cover_monthly-mean,1980-1999,11,Nov,0.5264876915915363
cloud-cover_monthly-mean,1980-1999,12,Dec,0.5155774224912143
cloud-cover_monthly-mean,2000-2019,1,Jan,0.5115742872471902
cloud-cover_monthly-mean,2000-2019,2,Feb,0.5119508949870559
cloud-cover_monthly-mean,2000-2019,3,Mar,0.5697217216780627
cloud-cover_monthly-mean,2000-2019,4,Apr,0.5443931312021718
cloud-cover_monthly-mean,2000-2019,5,May,0.5110427242699972
cloud-cover_monthly-mean,2000-2019,6,Jun,0.46008289036159156
cloud-cover_monthly-mean,2000-2019,7,Jul,0.512798458886587
cloud-cover_monthly-mean,2000-2019,8,Aug,0.5433399101576423
cloud-cover_monthly-mean,2000-2019,9,Sep,0.5435577811134934
cloud-cover_monthly-mean,2000-2019,10,Oct,0.543709128699876
cloud-cover_monthly-mean,2000-2019,11,Nov,0.5274836724536724
cloud-cover_monthly-mean,2000-2019,12,Dec,0.515693462228581
cloud-cover_monthly-mean,2020-2039,1,Jan,0.5118265467881424
cloud-cover_monthly-mean,2020-2039,2,Feb,0.5078967593473536
cloud-cover_monthly-mean,2020-2039,3,Mar,0.5569378479726848
cloud-cover_monthly-mean,2020-2039,4,Apr,0.5401774527138624
cloud-cover_monthly-mean,2020-2039,5,May,0.5074849403922248
cloud-cover_monthly-mean,2020-2039,6,Jun,0.455587071932081
cloud-cover_monthly-mean,2020-2039,7,Jul,0.508148281097229
cloud-cover_monthly-mean,2020-2039,8,Aug,0.5427331146981477
cloud-cover_monthly-mean,2020-2039,9,Sep,0.5342992312830397
cloud-cover_monthly-mean,2020-2039,10,Oct,0.5362724177020699
cloud-cover_monthly-mean,2020-2039,11,Nov,0.5234953291364853
cloud-cover_monthly-mean,2020-2039,12,Dec,0.5170145269534767
cloud-cover_monthly-mean,2040-2059,1,Jan,0.5040816341276547
cloud-cover_monthly-mean,2040-2059,2,Feb,0.5282242190407284
cloud-cover_monthly-mean,2040-2059,3,Mar,0.5714917675082323
cloud-cover_monthly-mean,2040-2059,4,Apr,0.5391141247220935
cloud-cover_monthly-mean,2040-2059,5,May,0.48744146218072726
cloud-cover_monthly-mean,2040-2059,6,Jun,0.4348406619433796
cloud-cover_monthly-mean,2040-2059,7,Jul,0.5028375973018104
cloud-cover_monthly-mean,2040-2059,8,Aug,0.5474179043002547
cloud-cover_monthly-mean,2040-2059,9,Sep,0.5236108079102143
cloud-cover_monthly-mean,2040-2059,10,Oct,0.5256304756929753
cloud-cover_monthly-mean,2040-2059,11,Nov,0.5320092441295192
cloud-cover_monthly-mean,2040-2059,12,Dec,0.5107494546581042
cloud-cover_monthly-mean,2060-2079,1,Jan,0.5059807707320844
cloud-cover_monthly-mean,2060-2079,2,Feb,0.5089763259328781
cloud-cover_monthly-mean,2060-2079,3,Mar,0.5573668758870636
cloud-cover_monthly-mean,2060-2079,4,Apr,0.542851719141881
cloud-cover_monthly-mean,2060-2079,5,May,0.5020985239963734
cloud-cover_monthly-mean,2060-2079,6,Jun,0.45727746530517654
cloud-cover_monthly-mean,2060-2079,7,Jul,0.5129296266687311
cloud-cover_monthly-mean,2060-2079,8,Aug,0.535704973635755
cloud-cover_monthly-mean,2060-2079,9,Sep,0.5099665937378989
cloud-cover_monthly-mean,2060-2079,10,Oct,0.5223801827616891
cloud-cover_monthly-mean,2060-2079,11,Nov,0.5162298208029734
cloud-cover_monthly-mean,2060-2079,12,Dec,0.5126731007168417
cloud-cover_monthly-mean,2080-2099,1,Jan,0.4979536395900497
cloud-cover_monthly-mean,2080-2099,2,Feb,0.494904314876246
cloud-cover_monthly-mean,2080-2099,3,Mar,0.5568457438919503
cloud-cover_monthly-mean,2080-2099,4,Apr,0.5421705540318428
cloud-cover_monthly-mean,2080-2099,5,May,0.4965668782291799
cloud-cover_monthly-mean,2080-2099,6,Jun,0.4411184055035082
cloud-cover_monthly-mean,2080-2099,7,Jul,0.4989496798348724
cloud-cover_monthly-mean,2080-2099,8,Aug,0.5229969857742524
cloud-cover_monthly-mean,2080-2099,9,Sep,0.4990195505122823
cloud-cover_monthly-mean,2080-2099,10,Oct,0.49806919758127827
cloud-cover_monthly-mean,2080-2099,11,Nov,0.49906054858041166
cloud-cover_monthly-mean,2080-2099,12,Dec,0.49449203231831446
temperature_monthly-mean,1960-1979,1,Jan,294.4967398122076
temperature_monthly-mean,1960-1979,2,Feb,295.8515427408945
temperature_monthly-mean,1960-1979,3,Mar,297.80452224362386
temperature_monthly-mean,1960-1979,4,Apr,299.25436541713833
temperature_monthly-mean,1960-1979,5,May,299.757724591234
temperature_monthly-mean,1960-1979,6,Jun,299.1983422180206
temperature_monthly-mean,1960-1979,7,Jul,298.24876331273185
temperature_monthly-mean,1960-1979,8,Aug,298.219308068663
temperature_monthly-mean,1960-1979,9,Sep,298.3051138174541
temperature_monthly-mean,1960-1979,10,Oct,297.7040057918034
temperature_monthly-mean,1960-1979,11,Nov,296.36996025591804
temperature_monthly-mean,1960-1979,12,Dec,294.9861893051193
temperature_monthly-mean,1980-1999,1,Jan,295.0387213483583
temperature_monthly-mean,1980-1999,2,Feb,296.34268754467735
temperature_monthly-mean,1980-1999,3,Mar,298.25098591248343
temperature_monthly-mean,1980-1999,4,Apr,299.68636973711193
temperature_monthly-mean,1980-1999,5,May,300.0972104260823
temperature_monthly-mean,1980-1999,6,Jun,299.4857239154104
temperature_monthly-mean,1980-1999,7,Jul,298.542458958647
temperature_monthly-mean,1980-1999,8,Aug,298.5086407283662
temperature_monthly-mean,1980-1999,9,Sep,298.7010947658009
temperature_monthly-mean,1980-1999,10,Oct,298.07937122871306
temperature_monthly-mean,1980-1999,11,Nov,296.5007366076091
temperature_monthly-mean,1980-1999,12,Dec,295.126771360906
temperature_monthly-mean,2000-2019,1,Jan,295.2905711580261
temperature_monthly-mean,2000-2019,2,Feb,296.67162749406873
temperature_monthly-mean,2000-2019,3,Mar,298.5961271402283
temperature_monthly-mean,2000-2019,4,Apr,300.1476169025694
temperature_monthly-mean,2000-2019,5,May,300.5543400634145
temperature_monthly-mean,2000-2019,6,Jun,300.2010999777854
temperature_monthly-mean,2000-2019,7,Jul,299.2053080702161
temperature_monthly-mean,2000-2019,8,Aug,299.21670809064136
temperature_monthly-mean,2000-2019,9,Sep,299.28758110884866
temperature_monthly-mean,2000-2019,10,Oct,298.7582664688277
temperature_monthly-mean,2000-2019,11,Nov,297.2585718740024
temperature_monthly-mean,2000-2019,12,Dec,295.8855981931293
temperature_monthly-mean,2020-2039,1,Jan,296.36806486707417
temperature_monthly-mean,2020-2039,2,Feb,297.5257478900622
temperature_monthly-mean,2020-2039,3,Mar,299.7271977185204
temperature_monthly-mean,2020-2039,4,Apr,301.328276067104
temperature_monthly-mean,2020-2039,5,May,301.72233543206016
temperature_monthly-mean,2020-2039,6,Jun,301.32961078465627
temperature_monthly-mean,2020-2039,7,Jul,300.41313401508785
temperature_monthly-mean,2020-2039,8,Aug,300.3028710491377
temperature_monthly-mean,2020-2039,9,Sep,300.4184687915227
temperature_monthly-mean,2020-2039,10,Oct,299.7816643405702
temperature_monthly-mean,2020-2039,11,Nov,298.2791297104124
temperature_monthly-mean,2020-2039,12,Dec,296.7943274279821
temperature_monthly-mean,2040-2059,1,Jan,297.36217778925516
temperature_monthly-mean,2040-2059,2,Feb,298.9065728803226
temperature_monthly-mean,2040-2059,3,Mar,300.9028683425464
temperature_monthly-mean,2040-2059,4,Apr,302.3579840566075
temperature_monthly-mean,2040-2059,5,May,302.81425148284546
temperature_monthly-mean,2040-2059,6,Jun,302.5982847375037
temperature_monthly-mean,2040-2059,7,Jul,301.62852231442287
temperature_monthly-mean,2040-2059,8,Aug,301.4178880770093
temperature_monthly-mean,2040-2059,9,Sep,301.54727976872886
temperature_monthly-mean,2040-2059,10,Oct,301.14084649375434
temperature_monthly-mean,2040-2059,11,Nov,299.6275137987985
temperature_monthly-mean,2040-2059,12,Dec,298.1157988369124
temperature_monthly-mean,2060-2079,1,Jan,298.8646773577569
temperature_monthly-mean,2060-2079,2,Feb,300.3382755911857
temperature_monthly-mean,2060-2079,3,Mar,302.41009462733797
temperature_monthly-mean,2060-2079,4,Apr,303.9474059295488
temperature_monthly-mean,2060-2079,5,May,304.5871001539533
temperature_monthly-mean,2060-2079,6,Jun,304.1837728522982
temperature_monthly-mean,2060-2079,7,Jul,303.1062315049807
temperature_monthly-mean,2060-2079,8,Aug,302.93089372193475
temperature_monthly-mean,2060-2079,9,Sep,303.23614518023595
temperature_monthly-mean,2060-2079,10,Oct,302.77586012285326
temperature_monthly-mean,2060-2079,11,Nov,300.98154714981865
temperature_monthly-mean,2060-2079,12,Dec,299.4205102261785
temperature_monthly-mean,2080-2099,1,Jan,300.26495204724813
temperature_monthly-mean,2080-2099,2,Feb,301.4335787188999
temperature_monthly-mean,2080-2099,3,Mar,303.6941419046901
temperature_monthly-mean,2080-2099,4,Apr,305.51907500398573
temperature_monthly-mean,2080-2099,5,May,305.8002928106717
temperature_monthly-mean,2080-2099,6,Jun,305.5184580541747
temperature_monthly-mean,2080-2099,7,Jul,304.5385355055537
temperature_monthly-mean,2080-2099,8,Aug,304.2937463305352
temperature_monthly-mean,2080-2099,9,Sep,304.50149730568234
temperature_monthly-mean,2080-2099,10,Oct,304.090554145483
temperature_monthly-mean,2080-2099,11,Nov,302.3511063060019
temperature_monthly-mean,2080-2099,12,Dec,300.6141244125336
water-vapor-pressure_monthly-mean,1960-1979,1,Jan,839.0733261661105
water-vapor-pressure_monthly-mean,1960-1979,2,Feb,832.1538614351197
water-vapor-pressure_monthly-mean,1960-1979,3,Mar,871.4588744373594
water-vapor-pressure_monthly-mean,1960-1979,4,Apr,901.8001295155769
water-vapor-pressure_monthly-mean,1960-1979,5,May,927.9604148678106
water-vapor-pressure_monthly-mean,1960-1979,6,Jun,921.6924769059499
water-vapor-pressure_monthly-mean,1960-1979,7,Jul,932.3272097332349
water-vapor-pressure_monthly-mean,1960-1979,8,Aug,953.4379493601981
water-vapor-pressure_monthly-mean,1960-1979,9,Sep,951.0777656681212
water-vapor-pressure_monthly-mean,1960-1979,10,Oct,926.7860940240312
water-vapor-pressure_monthly-mean,1960-1979,11,Nov,900.0739015439412
water-vapor-pressure_monthly-mean,1960-1979,12,Dec,870.9513900772216
water-vapor-pressure_monthly-mean,1980-1999,1,Jan,860.2710758753625
water-vapor-pressure_monthly-mean,1980-1999,2,Feb,854.1426535885917
water-vapor-pressure_monthly-mean,1980-1999,3,Mar,891.0415324115223
water-vapor-pressure_monthly-mean,1980-1999,4,Apr,921.3347554465869
water-vapor-pressure_monthly-mean,1980-1999,5,May,953.8680241443278
water-vapor-pressure_monthly-mean,1980-1999,6,Jun,947.1054852779934
water-vapor-pressure_monthly-mean,1980-1999,7,Jul,958.0389431643305
water-vapor-pressure_monthly-mean,1980-1999,8,Aug,975.7909599043135
water-vapor-pressure_monthly-mean,1980-1999,9,Sep,971.6071872310911
water-vapor-pressure_monthly-mean,1980-1999,10,Oct,954.4363228906159
water-vapor-pressure_monthly-mean,1980-1999,11,Nov,916.4960769318338
water-vapor-pressure_monthly-mean,1980-1999,12,Dec,881.7837743237889
water-vapor-pressure_monthly-mean,2000-2019,1,Jan,899.7744443898625
water-vapor-pressure_monthly-mean,2000-2019,2,Feb,887.8424288236739
water-vapor-pressure_monthly-mean,2000-2019,3,Mar,936.6921139326868
water-vapor-pressure_monthly-mean,2000-2019,4,Apr,976.3942805190813
water-vapor-pressure_monthly-mean,2000-2019,5,May,1031.9638012484922
water-vapor-pressure_monthly-mean,2000-2019,6,Jun,1028.5715790501822
water-vapor-pressure_monthly-mean,2000-2019,7,Jul,1044.4685178012771
water-vapor-pressure_monthly-mean,2000-2019,8,Aug,1053.3565941739687
water-vapor-pressure_monthly-mean,2000-2019,9,Sep,1050.0117742766245
water-vapor-pressure_monthly-mean,2000-2019,10,Oct,1020.0888972583833
water-vapor-pressure_monthly-mean,2000-2019,11,Nov,977.8123190518152
water-vapor-pressure_monthly-mean,2000-2019,12,Dec,936.9659975269151
water-vapor-pressure_monthly-mean,2020-2039,1,Jan,980.1781881439406
water-vapor-pressure_monthly-mean,2020-2039,2,Feb,960.4167830347092
water-vapor-pressure_monthly-mean,2020-2039,3,Mar,1022.7075536636837
water-vapor-pressure_monthly-mean,2020-2039,4,Apr,1065.5997377377587
water-vapor-pressure_monthly-mean,2020-2039,5,May,1132.088361323639
water-vapor-pressure_monthly-mean,2020-2039,6,Jun,1121.9683058232217
water-vapor-pressure_monthly-mean,2020-2039,7,Jul,1144.039647063505
water-vapor-pressure_monthly-mean,2020-2039,8,Aug,1176.2335648148567
water-vapor-pressure_monthly-mean,2020-2039,9,Sep,1155.0395960620137
water-vapor-pressure_monthly-mean,2020-2039,10,Oct,1120.8580553023762
water-vapor-pressure_monthly-mean,2020-2039,11,Nov,1069.168715250834
water-vapor-pressure_monthly-mean,2020-2039,12,Dec,1018.9880652369318
water-vapor-pressure_monthly-mean,2040-2059,1,Jan,1067.9052110888194
water-vapor-pressure_monthly-mean,2040-2059,2,Feb,1077.6463438847557
water-vapor-pressure_monthly-mean,2040-2059,3,Mar,1145.1156895108086
water-vapor-pressure_monthly-mean,2040-2059,4,Apr,1184.2876309674173
water-vapor-pressure_monthly-mean,2040-2059,5,May,1219.0176226225406
water-vapor-pressure_monthly-mean,2040-2059,6,Jun,1214.4706880332644
water-vapor-pressure_monthly-mean,2040-2059,7,Jul,1251.3700954453877
water-vapor-pressure_monthly-mean,2040-2059,8,Aug,1297.2809840391371
water-vapor-pressure_monthly-mean,2040-2059,9,Sep,1259.688643557149
water-vapor-pressure_monthly-mean,2040-2059,10,Oct,1232.0259112393871
water-vapor-pressure_monthly-mean,2040-2059,11,Nov,1186.7851496050032
water-vapor-pressure_monthly-mean,2040-2059,12,Dec,1123.5713002509253
water-vapor-pressure_monthly-mean,2060-2079,1,Jan,1193.576390804975
water-vapor-pressure_monthly-mean,2060-2079,2,Feb,1193.179909416842
water-vapor-pressure_monthly-mean,2060-2079,3,Mar,1265.8287893779602
water-vapor-pressure_monthly-mean,2060-2079,4,Apr,1323.8157234319262
water-vapor-pressure_monthly-mean,2060-2079,5,May,1401.9853912886772
water-vapor-pressure_monthly-mean,2060-2079,6,Jun,1393.0277836921116
water-vapor-pressure_monthly-mean,2060-2079,7,Jul,1436.231414779869
water-vapor-pressure_monthly-mean,2060-2079,8,Aug,1457.876796203565
water-vapor-pressure_monthly-mean,2060-2079,9,Sep,1420.731333741285
water-vapor-pressure_monthly-mean,2060-2079,10,Oct,1386.415340781413
water-vapor-pressure_monthly-mean,2060-2079,11,Nov,1318.6246820302933
water-vapor-pressure_monthly-mean,2060-2079,12,Dec,1252.6242154804245
water-vapor-pressure_monthly-mean,2080-2099,1,Jan,1274.982761762389
water-vapor-pressure_monthly-mean,2080-2099,2,Feb,1258.2436446661343
water-vapor-pressure_monthly-mean,2080-2099,3,Mar,1348.4292676538466
water-vapor-pressure_monthly-mean,2080-2099,4,Apr,1441.7701875341945
water-vapor-pressure_monthly-mean,2080-2099,5,May,1493.9481859049206
water-vapor-pressure_monthly-mean,2080-2099,6,Jun,1485.5838524811547
water-vapor-pressure_monthly-mean,2080-2099,7,Jul,1522.369067157488
water-vapor-pressure_monthly-mean,2080-2099,8,Aug,1551.8880845271126
water-vapor-pressure_monthly-mean,2080-2099,9,Sep,1527.2146762074485
water-vapor-pressure_monthly-mean,2080-2099,10,Oct,1474.7274393051769
water-vapor-pressure_monthly-mean,2080-2099,11,Nov,1416.4736464420682
water-vapor-pressure_monthly-mean,2080-2099,12,Dec,1333.6558896497438
wind-speed_monthly-mean,1960-1979,1,Jan,3.176004891142542
wind-speed_monthly-mean,1960-1979,2,Feb,3.2273861199164813
wind-speed_monthly-mean,1960-1979,3,Mar,3.1834126927080373
wind-speed_monthly-mean,1960-1979,4,Apr,3.1778823020275797
wind-speed_monthly-mean,1960-1979,5,May,3.1471845009563566
wind-speed_monthly-mean,1960-1979,6,Jun,3.1942066747289037
wind-speed_monthly-mean,1960-1979,7,Jul,3.168518737543156
wind-speed_monthly-mean,1960-1979,8,Aug,3.084987474885028
wind-speed_monthly-mean,1960-1979,9,Sep,3.0156380290975777
wind-speed_monthly-mean,1960-1979,10,Oct,2.9992804597042766
wind-speed_monthly-mean,1960-1979,11,Nov,2.9777893948668335
wind-speed_monthly-mean,1960-1979,12,Dec,3.0076697167414324
wind-speed_monthly-mean,1980-1999,1,Jan,3.119517513489562
wind-speed_monthly-mean,1980-1999,2,Feb,3.164980894149484
wind-speed_monthly-mean,1980-1999,3,Mar,3.1886642923868327
wind-speed_monthly-mean,1980-1999,4,Apr,3.1670347683807156
wind-speed_monthly-mean,1980-1999,5,May,3.1249244576231234
wind-speed_monthly-mean,1980-1999,6,Jun,3.1510115959524803
wind-speed_monthly-mean,1980-1999,7,Jul,3.1806436517040777
wind-speed_monthly-mean,1980-1999,8,Aug,3.059881208607444
wind-speed_monthly-mean,1980-1999,9,Sep,3.002449976639082
wind-speed_monthly-mean,1980-1999,10,Oct,2.9951412230240013
wind-speed_monthly-mean,1980-1999,11,Nov,3.0071102553361237
wind-speed_monthly-mean,1980-1999,12,Dec,3.048597718118944
wind-speed_monthly-mean,2000-2019,1,Jan,3.1620806323417474
wind-speed_monthly-mean,2000-2019,2,Feb,3.2087697224064256
wind-speed_monthly-mean,2000-2019,3,Mar,3.165439384620021
wind-speed_monthly-mean,2000-2019,4,Apr,3.167461912714735
wind-speed_monthly-mean,2000-2019,5,May,3.0947697462379518
wind-speed_monthly-mean,2000-2019,6,Jun,3.11164388140914
wind-speed_monthly-mean,2000-2019,7,Jul,3.1895496949123
wind-speed_monthly-mean,2000-2019,8,Aug,3.069817110673966
wind-speed_monthly-mean,2000-2019,9,Sep,2.9737401212544134
wind-speed_monthly-mean,2000-2019,10,Oct,2.973313801620044
wind-speed_monthly-mean,2000-2019,11,Nov,2.9457734902014483
wind-speed_monthly-mean,2000-2019,12,Dec,2.9701430817915155
wind-speed_monthly-mean,2020-2039,1,Jan,3.121202456536428
wind-speed_monthly-mean,2020-2039,2,Feb,3.1457526288765
wind-speed_monthly-mean,2020-2039,3,Mar,3.1220806882104584
wind-speed_monthly-mean,2020-2039,4,Apr,3.1661793717119746
wind-speed_monthly-mean,2020-2039,5,May,3.127988044018481
wind-speed_monthly-mean,2020-2039,6,Jun,3.1828962106742518
wind-speed_monthly-mean,2020-2039,7,Jul,3.222655337653411
wind-speed_monthly-mean,2020-2039,8,Aug,3.096982871210539
wind-speed_monthly-mean,2020-2039,9,Sep,2.9384780289613985
wind-speed_monthly-mean,2020-2039,10,Oct,2.999737038403611
wind-speed_monthly-mean,2020-2039,11,Nov,2.9587581788528814
wind-speed_monthly-mean,2020-2039,12,Dec,2.9546703289231986
wind-speed_monthly-mean,2040-2059,1,Jan,3.1243080579580824
wind-speed_monthly-mean,2040-2059,2,Feb,3.133571845958662
wind-speed_monthly-mean,2040-2059,3,Mar,3.1308725608403516
wind-speed_monthly-mean,2040-2059,4,Apr,3.156569887119117
wind-speed_monthly-mean,2040-2059,5,May,3.1465607228558157
wind-speed_monthly-mean,2040-2059,6,Jun,3.1551640628512327
wind-speed_monthly-mean,2040-2059,7,Jul,3.236434103508849
wind-speed_monthly-mean,2040-2059,8,Aug,3.1172990259974567
wind-speed_monthly-mean,2040-2059,9,Sep,2.964961487280219
wind-speed_monthly-mean,2040-2059,10,Oct,2.954590030437707
wind-speed_monthly-mean,2040-2059,11,Nov,2.9284954561946477
wind-speed_monthly-mean,2040-2059,12,Dec,2.936426198583046
wind-speed_monthly-mean,2060-2079,1,Jan,3.1060267276705815
wind-speed_monthly-mean,2060-2079,2,Feb,3.122270391057444
wind-speed_monthly-mean,2060-2079,3,Mar,3.1352404581198305
wind-speed_monthly-mean,2060-2079,4,Apr,3.1696821769775685
wind-speed_monthly-mean,2060-2079,5,May,3.158665654737736
wind-speed_monthly-mean,2060-2079,6,Jun,3.1728551743075157
wind-speed_monthly-mean,2060-2079,7,Jul,3.307420207556476
wind-speed_monthly-mean,2060-2079,8,Aug,3.1890055798922625
wind-speed_monthly-mean,2060-2079,9,Sep,3.007742677462391
wind-speed_monthly-mean,2060-2079,10,Oct,3.011125042440591
wind-speed_monthly-mean,2060-2079,11,Nov,2.9214744163778876
wind-speed_monthly-mean,2060-2079,12,Dec,2.949862188107262
wind-speed_monthly-mean,2080-2099,1,Jan,3.1366924049289926
wind-speed_monthly-mean,2080-2099,2,Feb,3.1579231215276513
wind-speed_monthly-mean,2080-2099,3,Mar,3.182497859541484
wind-speed_monthly-mean,2080-2099,4,Apr,3.208834547104931
wind-speed_monthly-mean,2080-2099,5,May,3.1873501513934874
wind-speed_monthly-mean,2080-2099,6,Jun,3.2235707458626655
wind-speed_monthly-mean,2080-2099,7,Jul,3.343062679847354
wind-speed_monthly-mean,2080-2099,8,Aug,3.2647639628470704
wind-speed_monthly-mean,2080-2099,9,Sep,3.0889531430783483
wind-speed_monthly-mean,2080-2099,10,Oct,3.1075298030543657
wind-speed_monthly-mean,2080-2099,11,Nov,3.005222889030362
wind-speed_monthly-mean,2080-2099,12,Dec,2.9923317458635164
